matrix_multiplication,vector_multiplication,manual_convolution,tensor_math,iterations,difficulty,
0,0,0,0,1,10,
0,0,0,0,1,61,
0.0009996,0.0009948,0,0,1,112,
0,0.000995,0,0,1,163,
0.0009979,0,0.0009975,0.0009972,1,214,
0.000997,0,0.0009981,0.0019958,1,265,
0.0009974,0.0009991,0.0029917,0.0049865,1,316,
0.0019955,0,0.003991,0.0039896,1,367,
0.0029973,0.0009988,0.0059898,0.0059714,1,418,
0.0019965,0,0.0039891,0.0089758,1,469,
0.0019952,0.0009977,0.0049868,0.0099732,1,520,
